{
  "hash": "89674593",
  "configHash": "99b19a67",
  "lockfileHash": "3a630d23",
  "browserHash": "b4c92be8",
  "optimized": {
    "react": {
      "src": "../../node_modules/react/index.js",
      "file": "react.js",
      "fileHash": "a37b7fe5",
      "needsInterop": true
    },
    "react-dom/client": {
      "src": "../../node_modules/react-dom/client.js",
      "file": "react-dom_client.js",
      "fileHash": "5a28953a",
      "needsInterop": true
    },
    "@azure/msal-react": {
      "src": "../../node_modules/@azure/msal-react/dist/index.js",
      "file": "@azure_msal-react.js",
      "fileHash": "70fbd1da",
      "needsInterop": false
    },
    "react-redux": {
      "src": "../../node_modules/react-redux/dist/react-redux.mjs",
      "file": "react-redux.js",
      "fileHash": "489f0353",
      "needsInterop": false
    },
    "react-router-dom": {
      "src": "../../node_modules/react-router-dom/dist/index.mjs",
      "file": "react-router-dom.js",
      "fileHash": "73d712b0",
      "needsInterop": false
    },
    "react-hot-toast": {
      "src": "../../node_modules/react-hot-toast/dist/index.mjs",
      "file": "react-hot-toast.js",
      "fileHash": "bd1f3373",
      "needsInterop": false
    },
    "@azure/msal-browser": {
      "src": "../../node_modules/@azure/msal-browser/dist/index.mjs",
      "file": "@azure_msal-browser.js",
      "fileHash": "7bb8f36a",
      "needsInterop": false
    },
    "@reduxjs/toolkit": {
      "src": "../../node_modules/@reduxjs/toolkit/dist/redux-toolkit.modern.mjs",
      "file": "@reduxjs_toolkit.js",
      "fileHash": "a7bab6ea",
      "needsInterop": false
    },
    "lodash/concat": {
      "src": "../../node_modules/lodash/concat.js",
      "file": "lodash_concat.js",
      "fileHash": "9be96f02",
      "needsInterop": true
    },
    "i18next": {
      "src": "../../node_modules/i18next/dist/esm/i18next.js",
      "file": "i18next.js",
      "fileHash": "84238cc9",
      "needsInterop": false
    },
    "react-i18next": {
      "src": "../../node_modules/react-i18next/dist/es/index.js",
      "file": "react-i18next.js",
      "fileHash": "65cdce0c",
      "needsInterop": false
    },
    "i18next-browser-languagedetector": {
      "src": "../../node_modules/i18next-browser-languagedetector/dist/esm/i18nextBrowserLanguageDetector.js",
      "file": "i18next-browser-languagedetector.js",
      "fileHash": "6e0481e5",
      "needsInterop": false
    },
    "reactstrap": {
      "src": "../../node_modules/reactstrap/esm/index.js",
      "file": "reactstrap.js",
      "fileHash": "8c74b851",
      "needsInterop": false
    },
    "axios": {
      "src": "../../node_modules/axios/index.js",
      "file": "axios.js",
      "fileHash": "4dc4ed89",
      "needsInterop": false
    },
    "file-saver": {
      "src": "../../node_modules/file-saver/dist/FileSaver.min.js",
      "file": "file-saver.js",
      "fileHash": "1b512aea",
      "needsInterop": true
    },
    "react-js-pagination": {
      "src": "../../node_modules/react-js-pagination/dist/Pagination.js",
      "file": "react-js-pagination.js",
      "fileHash": "5184c871",
      "needsInterop": true
    },
    "react-circular-progressbar": {
      "src": "../../node_modules/react-circular-progressbar/dist/index.esm.js",
      "file": "react-circular-progressbar.js",
      "fileHash": "85676705",
      "needsInterop": false
    },
    "lodash": {
      "src": "../../node_modules/lodash/lodash.js",
      "file": "lodash.js",
      "fileHash": "fe6a41fe",
      "needsInterop": true
    },
    "react-select": {
      "src": "../../node_modules/react-select/dist/react-select.esm.js",
      "file": "react-select.js",
      "fileHash": "3fbd258b",
      "needsInterop": false
    },
    "react-markdown": {
      "src": "../../node_modules/react-markdown/index.js",
      "file": "react-markdown.js",
      "fileHash": "a9394a9e",
      "needsInterop": false
    },
    "classnames": {
      "src": "../../node_modules/classnames/index.js",
      "file": "classnames.js",
      "fileHash": "3d559286",
      "needsInterop": true
    },
    "xlsx": {
      "src": "../../node_modules/xlsx/xlsx.mjs",
      "file": "xlsx.js",
      "fileHash": "2143da00",
      "needsInterop": false
    },
    "react-loading-skeleton": {
      "src": "../../node_modules/react-loading-skeleton/dist/index.js",
      "file": "react-loading-skeleton.js",
      "fileHash": "130db058",
      "needsInterop": false
    }
  },
  "chunks": {
    "BrowserPerformanceMeasurement-6RKKJ2IQ": {
      "file": "BrowserPerformanceMeasurement-6RKKJ2IQ.js"
    },
    "chunk-W52OS4NP": {
      "file": "chunk-W52OS4NP.js"
    },
    "chunk-DZB2FKDO": {
      "file": "chunk-DZB2FKDO.js"
    },
    "chunk-VXPW72PM": {
      "file": "chunk-VXPW72PM.js"
    },
    "chunk-6VVNEJPD": {
      "file": "chunk-6VVNEJPD.js"
    },
    "chunk-RFZRUZQB": {
      "file": "chunk-RFZRUZQB.js"
    },
    "chunk-UP6LQVYV": {
      "file": "chunk-UP6LQVYV.js"
    },
    "chunk-Q6DFBYTI": {
      "file": "chunk-Q6DFBYTI.js"
    },
    "chunk-TWJRYSII": {
      "file": "chunk-TWJRYSII.js"
    },
    "chunk-DC5AMYBS": {
      "file": "chunk-DC5AMYBS.js"
    }
  }
}